[
  {
    "direction": "in",
    "id": "bbde9550-d9f0-4390-8165-79bac21517c4",
    "sender": "test",
    "content": "hello",
    "timestamp": "2025-11-16T01:25:11.019Z"
  },
  {
    "direction": "out",
    "id": "d0c8d8a3-5085-4d6a-959f-5069ae7dac4a",
    "sender": "agent",
    "content": "Echoing: hello",
    "timestamp": "2025-11-16T01:25:11.019Z",
    "cid": "Qmpnc5wplu6",
    "txSignature": "sig_s2ykmaatyne"
  },
  {
    "direction": "in",
    "id": "71b79ad0-dab1-4df3-a7f9-52376d6c0707",
    "sender": "test",
    "content": "hello",
    "timestamp": "2025-11-16T01:27:35.910Z",
    "headers": {
      "authorization": "Bearer test-token"
    }
  },
  {
    "direction": "out",
    "id": "566920e1-f552-45ac-9d00-c6b6a10a96ca",
    "sender": "agent",
    "content": "Echoing: hello",
    "timestamp": "2025-11-16T01:27:35.910Z",
    "cid": "Qm880oyws3v",
    "txSignature": "sig_akvcduqvttl",
    "headers": {
      "authorization": "Bearer test-token"
    }
  },
  {
    "direction": "in",
    "id": "0225f713-2fb1-4828-b835-6ece9a3611a7",
    "sender": "test",
    "content": "hello",
    "timestamp": "2025-11-16T01:51:33.807Z",
    "headers": {
      "authorization": "Bearer eyJhbGciOiJIUzI1NiIsInR5cCI6IkpXVCJ9.eyJ1c2VybmFtZSI6InRlc3QiLCJpYXQiOjE3NjMyNTc4OTN9.zQv80jUR7LtkW986BqK3hYQgm9houE-ZzlbASsVV7AA"
    }
  },
  {
    "direction": "out",
    "id": "8740a123-e09b-4c0f-aecd-0c91ea0db6f1",
    "sender": "agent",
    "content": "Echoing: hello",
    "timestamp": "2025-11-16T01:51:33.807Z",
    "cid": "Qmtifbcamjl",
    "txSignature": "sig_bai3ryyxyem",
    "headers": {
      "authorization": "Bearer eyJhbGciOiJIUzI1NiIsInR5cCI6IkpXVCJ9.eyJ1c2VybmFtZSI6InRlc3QiLCJpYXQiOjE3NjMyNTc4OTN9.zQv80jUR7LtkW986BqK3hYQgm9houE-ZzlbASsVV7AA"
    }
  },
  {
    "direction": "in",
    "id": "93801426-b7ae-48a4-9337-93c8bb352aba",
    "sender": "test",
    "content": "hello",
    "timestamp": "2025-11-16T01:52:02.104Z",
    "headers": {
      "authorization": "Bearer eyJhbGciOiJIUzI1NiIsInR5cCI6IkpXVCJ9.eyJ1c2VybmFtZSI6InRlc3QiLCJpYXQiOjE3NjMyNTc5MjJ9.gN61PSleWdNjwBUFXF6A_qkNliQjn-LUnJPqxvAbdcU"
    }
  },
  {
    "direction": "out",
    "id": "f214cce1-fe8c-4fd8-8d77-d14e7e1a04f3",
    "sender": "agent",
    "content": "Echoing: hello",
    "timestamp": "2025-11-16T01:52:02.105Z",
    "cid": "Qma8bils9qk",
    "txSignature": "sig_950hcae251v",
    "headers": {
      "authorization": "Bearer eyJhbGciOiJIUzI1NiIsInR5cCI6IkpXVCJ9.eyJ1c2VybmFtZSI6InRlc3QiLCJpYXQiOjE3NjMyNTc5MjJ9.gN61PSleWdNjwBUFXF6A_qkNliQjn-LUnJPqxvAbdcU"
    }
  },
  {
    "direction": "in",
    "id": "5e9f121c-d799-428d-a0b7-6e5f550c5bc9",
    "sender": "e2e",
    "content": "hi from e2e",
    "timestamp": "2025-11-16T01:55:40.569Z",
    "headers": {
      "authorization": "Bearer eyJhbGciOiJIUzI1NiIsInR5cCI6IkpXVCJ9.eyJ1c2VybmFtZSI6ImUyZSIsImlhdCI6MTc2MzI1ODE0MH0.i2p6a-CyzOk0e_7dJGGT0xyelW4-aCEEz8OWcD4L5mA"
    }
  },
  {
    "direction": "out",
    "id": "fe3cabe0-c1ff-4229-8394-332c9360a0d0",
    "sender": "agent",
    "content": "Echoing: hi from e2e",
    "timestamp": "2025-11-16T01:55:40.570Z",
    "cid": "Qmvovxrnl83",
    "txSignature": "sig_ki2q2q4szgi",
    "headers": {
      "authorization": "Bearer eyJhbGciOiJIUzI1NiIsInR5cCI6IkpXVCJ9.eyJ1c2VybmFtZSI6ImUyZSIsImlhdCI6MTc2MzI1ODE0MH0.i2p6a-CyzOk0e_7dJGGT0xyelW4-aCEEz8OWcD4L5mA"
    }
  },
  {
    "direction": "in",
    "id": "e2d4fafd-70b7-40d0-92a8-8b87873485bf",
    "sender": "e2e",
    "content": "hi from e2e",
    "timestamp": "2025-11-16T01:57:53.276Z",
    "headers": {
      "authorization": "Bearer eyJhbGciOiJIUzI1NiIsInR5cCI6IkpXVCJ9.eyJ1c2VybmFtZSI6ImUyZSIsImlhdCI6MTc2MzI1ODI3M30.W3Q8ca_QIJ8jt8E__V1eMwPdBgsltOWC-gw2A9tgtCY"
    }
  },
  {
    "direction": "out",
    "id": "a84116b0-ced0-4a02-9aeb-c76473b8f7cb",
    "sender": "agent",
    "content": "Echoing: hi from e2e",
    "timestamp": "2025-11-16T01:57:53.277Z",
    "cid": "Qmjf5ioydm1",
    "txSignature": "sig_zku8fc5is",
    "headers": {
      "authorization": "Bearer eyJhbGciOiJIUzI1NiIsInR5cCI6IkpXVCJ9.eyJ1c2VybmFtZSI6ImUyZSIsImlhdCI6MTc2MzI1ODI3M30.W3Q8ca_QIJ8jt8E__V1eMwPdBgsltOWC-gw2A9tgtCY"
    }
  },
  {
    "direction": "in",
    "id": "b24d0c05-611b-479a-a11c-9d6475b660a1",
    "sender": "e2e",
    "content": "hi from e2e",
    "timestamp": "2025-11-16T01:58:58.285Z",
    "headers": {
      "authorization": "Bearer eyJhbGciOiJIUzI1NiIsInR5cCI6IkpXVCJ9.eyJ1c2VybmFtZSI6ImUyZSIsImlhdCI6MTc2MzI1ODMzOH0.4ZpArGN3n1bOGaY1_Vyz2NdYjS25-xZ2GoP2dmDZNWY"
    }
  },
  {
    "direction": "out",
    "id": "ea8ce85b-5224-4ca1-ae36-5c3fae34c509",
    "sender": "agent",
    "content": "Echoing: hi from e2e",
    "timestamp": "2025-11-16T01:58:58.286Z",
    "cid": "Qmofqvh4e0k",
    "txSignature": "sig_dx7efoqm58i",
    "headers": {
      "authorization": "Bearer eyJhbGciOiJIUzI1NiIsInR5cCI6IkpXVCJ9.eyJ1c2VybmFtZSI6ImUyZSIsImlhdCI6MTc2MzI1ODMzOH0.4ZpArGN3n1bOGaY1_Vyz2NdYjS25-xZ2GoP2dmDZNWY"
    }
  },
  {
    "direction": "in",
    "id": "339d4520-0e97-452b-9aff-e8d1db8f5821",
    "sender": "e2e",
    "content": "hi from e2e",
    "timestamp": "2025-11-16T02:01:02.862Z",
    "headers": {
      "authorization": "Bearer eyJhbGciOiJIUzI1NiIsInR5cCI6IkpXVCJ9.eyJ1c2VybmFtZSI6ImUyZSIsImlhdCI6MTc2MzI1ODQ2Mn0.yXRrFaouI6vZ3pEyhLhdUapnOTOfzaNRs7GBsl9Gz48"
    }
  },
  {
    "direction": "out",
    "id": "c48bf7c3-8370-4dc5-8a51-f081c21ab516",
    "sender": "agent",
    "content": "Echoing: hi from e2e",
    "timestamp": "2025-11-16T02:01:02.863Z",
    "cid": "Qmjy71dn9gx",
    "txSignature": "sig_aeed1dnkg0i",
    "headers": {
      "authorization": "Bearer eyJhbGciOiJIUzI1NiIsInR5cCI6IkpXVCJ9.eyJ1c2VybmFtZSI6ImUyZSIsImlhdCI6MTc2MzI1ODQ2Mn0.yXRrFaouI6vZ3pEyhLhdUapnOTOfzaNRs7GBsl9Gz48"
    }
  },
  {
    "direction": "in",
    "id": "53e8f921-f9a7-4d30-b0ac-d8b8ab24ce89",
    "sender": "test",
    "content": "hello",
    "timestamp": "2025-11-16T02:01:06.723Z",
    "headers": {
      "authorization": "Bearer eyJhbGciOiJIUzI1NiIsInR5cCI6IkpXVCJ9.eyJ1c2VybmFtZSI6InRlc3QiLCJpYXQiOjE3NjMyNTg0NjZ9.8kLw3dHhgXQwfrUrJT5Twx9UG8kBrGrgwAYfqT8J0xA"
    }
  },
  {
    "direction": "out",
    "id": "9e17ed94-ae08-4069-9e82-9956e3e1600d",
    "sender": "agent",
    "content": "Echoing: hello",
    "timestamp": "2025-11-16T02:01:06.724Z",
    "cid": "Qmob72pd5dx",
    "txSignature": "sig_fs1pz4m455b",
    "headers": {
      "authorization": "Bearer eyJhbGciOiJIUzI1NiIsInR5cCI6IkpXVCJ9.eyJ1c2VybmFtZSI6InRlc3QiLCJpYXQiOjE3NjMyNTg0NjZ9.8kLw3dHhgXQwfrUrJT5Twx9UG8kBrGrgwAYfqT8J0xA"
    }
  },
  {
    "direction": "in",
    "id": "7c80dd1b-623b-4af5-85db-fd2391935a40",
    "sender": "test",
    "content": "hello",
    "timestamp": "2025-11-16T02:01:07.114Z",
    "headers": {
      "authorization": "Bearer eyJhbGciOiJIUzI1NiIsInR5cCI6IkpXVCJ9.eyJ1c2VybmFtZSI6InRlc3QiLCJpYXQiOjE3NjMyNTg0Njd9.JgViWr9_vjEo6lRbvEMNgE86fhpQ_cwKAXS9tLxb_08"
    }
  },
  {
    "direction": "out",
    "id": "ba2f7b11-97a3-4e57-bb4c-e96b3958d84c",
    "sender": "agent",
    "content": "Echoing: hello",
    "timestamp": "2025-11-16T02:01:07.115Z",
    "cid": "Qma46wedo3m",
    "txSignature": "sig_fgnkyvpcce",
    "headers": {
      "authorization": "Bearer eyJhbGciOiJIUzI1NiIsInR5cCI6IkpXVCJ9.eyJ1c2VybmFtZSI6InRlc3QiLCJpYXQiOjE3NjMyNTg0Njd9.JgViWr9_vjEo6lRbvEMNgE86fhpQ_cwKAXS9tLxb_08"
    }
  },
  {
    "direction": "in",
    "id": "4a587424-a0d9-471e-91a5-614e4b1636c5",
    "sender": "e2e",
    "content": "hi from e2e",
    "timestamp": "2025-11-16T02:02:16.470Z",
    "headers": {
      "authorization": "Bearer eyJhbGciOiJIUzI1NiIsInR5cCI6IkpXVCJ9.eyJ1c2VybmFtZSI6ImUyZSIsImlhdCI6MTc2MzI1ODUzNn0.Pp-1hwMSjtFn4v_LDZMdBPmhHLtqD09k_q9dC70j8jo"
    }
  },
  {
    "direction": "out",
    "id": "cdcd4287-335f-4e03-8833-966e066ea4ac",
    "sender": "agent",
    "content": "Echoing: hi from e2e",
    "timestamp": "2025-11-16T02:02:16.470Z",
    "cid": "Qmcp9tzr99k",
    "txSignature": "sig_6dwl8dy6cg3",
    "headers": {
      "authorization": "Bearer eyJhbGciOiJIUzI1NiIsInR5cCI6IkpXVCJ9.eyJ1c2VybmFtZSI6ImUyZSIsImlhdCI6MTc2MzI1ODUzNn0.Pp-1hwMSjtFn4v_LDZMdBPmhHLtqD09k_q9dC70j8jo"
    }
  },
  {
    "direction": "in",
    "id": "42c3d60e-ec15-4a1d-950d-1661e44b6c2f",
    "sender": "test",
    "content": "hello",
    "timestamp": "2025-11-16T02:02:21.135Z",
    "headers": {
      "authorization": "Bearer eyJhbGciOiJIUzI1NiIsInR5cCI6IkpXVCJ9.eyJ1c2VybmFtZSI6InRlc3QiLCJpYXQiOjE3NjMyNTg1NDF9.ld4kukIjAywQZcdlgbh66-_8uER0n9xZPhK-bPxqVRQ"
    }
  },
  {
    "direction": "out",
    "id": "8d29fd73-50fd-42d7-a388-2ecd631e9cea",
    "sender": "agent",
    "content": "Echoing: hello",
    "timestamp": "2025-11-16T02:02:21.135Z",
    "cid": "Qmxk1zaevld",
    "txSignature": "sig_ypgtvr3rvy8",
    "headers": {
      "authorization": "Bearer eyJhbGciOiJIUzI1NiIsInR5cCI6IkpXVCJ9.eyJ1c2VybmFtZSI6InRlc3QiLCJpYXQiOjE3NjMyNTg1NDF9.ld4kukIjAywQZcdlgbh66-_8uER0n9xZPhK-bPxqVRQ"
    }
  },
  {
    "direction": "in",
    "id": "ca33d679-2b82-4a4e-9e78-8d4182827e31",
    "sender": "test",
    "content": "hello",
    "timestamp": "2025-11-16T02:02:21.451Z",
    "headers": {
      "authorization": "Bearer eyJhbGciOiJIUzI1NiIsInR5cCI6IkpXVCJ9.eyJ1c2VybmFtZSI6InRlc3QiLCJpYXQiOjE3NjMyNTg1NDF9.ld4kukIjAywQZcdlgbh66-_8uER0n9xZPhK-bPxqVRQ"
    }
  },
  {
    "direction": "out",
    "id": "4e3fe10e-7eb1-4960-942e-d0ed95eb76a4",
    "sender": "agent",
    "content": "Echoing: hello",
    "timestamp": "2025-11-16T02:02:21.451Z",
    "cid": "Qmg0nl3hfmz",
    "txSignature": "sig_l8nojvysdin",
    "headers": {
      "authorization": "Bearer eyJhbGciOiJIUzI1NiIsInR5cCI6IkpXVCJ9.eyJ1c2VybmFtZSI6InRlc3QiLCJpYXQiOjE3NjMyNTg1NDF9.ld4kukIjAywQZcdlgbh66-_8uER0n9xZPhK-bPxqVRQ"
    }
  },
  {
    "direction": "in",
    "id": "b3a12871-5425-41e7-86d5-b214af51f961",
    "sender": "test",
    "content": "hello",
    "timestamp": "2025-11-16T02:06:47.324Z",
    "headers": {
      "authorization": "Bearer eyJhbGciOiJIUzI1NiIsInR5cCI6IkpXVCJ9.eyJ1c2VybmFtZSI6InRlc3QiLCJpYXQiOjE3NjMyNTg4MDd9.qMKIW_KvzjbCzumjpFism9_WDXDQJgEFEGe5Rt1D22I"
    }
  },
  {
    "direction": "out",
    "id": "e485d1ac-bd62-444c-9f71-393e95076451",
    "sender": "agent",
    "content": "Echoing: hello",
    "timestamp": "2025-11-16T02:06:47.325Z",
    "cid": "Qm5zlyliukz",
    "txSignature": "sig_j0kufaux65",
    "headers": {
      "authorization": "Bearer eyJhbGciOiJIUzI1NiIsInR5cCI6IkpXVCJ9.eyJ1c2VybmFtZSI6InRlc3QiLCJpYXQiOjE3NjMyNTg4MDd9.qMKIW_KvzjbCzumjpFism9_WDXDQJgEFEGe5Rt1D22I"
    }
  },
  {
    "direction": "in",
    "id": "ce19631a-fb43-4021-8a73-c306f07cf707",
    "sender": "test",
    "content": "hello",
    "timestamp": "2025-11-16T02:06:47.642Z",
    "headers": {
      "authorization": "Bearer eyJhbGciOiJIUzI1NiIsInR5cCI6IkpXVCJ9.eyJ1c2VybmFtZSI6InRlc3QiLCJpYXQiOjE3NjMyNTg4MDd9.qMKIW_KvzjbCzumjpFism9_WDXDQJgEFEGe5Rt1D22I"
    }
  },
  {
    "direction": "out",
    "id": "0d2a6593-2841-4c83-a6d5-e373b43bd357",
    "sender": "agent",
    "content": "Echoing: hello",
    "timestamp": "2025-11-16T02:06:47.643Z",
    "cid": "Qmq6xqsgnsr",
    "txSignature": "sig_kwt29ms5lbi",
    "headers": {
      "authorization": "Bearer eyJhbGciOiJIUzI1NiIsInR5cCI6IkpXVCJ9.eyJ1c2VybmFtZSI6InRlc3QiLCJpYXQiOjE3NjMyNTg4MDd9.qMKIW_KvzjbCzumjpFism9_WDXDQJgEFEGe5Rt1D22I"
    }
  },
  {
    "direction": "in",
    "id": "e7421ad7-3a91-4778-8a2c-46ea2afb0a8b",
    "sender": "test",
    "content": "hello",
    "timestamp": "2025-11-16T02:17:21.883Z",
    "headers": {
      "authorization": "Bearer eyJhbGciOiJIUzI1NiIsInR5cCI6IkpXVCJ9.eyJ1c2VybmFtZSI6InRlc3QiLCJpYXQiOjE3NjMyNTk0NDF9.yEL69qiZTji5EzkwmvRvM-ZHxwqTeCaN5Iau5_Keatc"
    }
  },
  {
    "direction": "out",
    "id": "e3c44fc7-cf26-4c58-9129-2297280d0b13",
    "sender": "agent",
    "content": "Echoing: hello",
    "timestamp": "2025-11-16T02:17:21.884Z",
    "cid": "Qm3lkr472iv",
    "txSignature": "sig_iizvq2dytvk",
    "headers": {
      "authorization": "Bearer eyJhbGciOiJIUzI1NiIsInR5cCI6IkpXVCJ9.eyJ1c2VybmFtZSI6InRlc3QiLCJpYXQiOjE3NjMyNTk0NDF9.yEL69qiZTji5EzkwmvRvM-ZHxwqTeCaN5Iau5_Keatc"
    }
  },
  {
    "direction": "in",
    "id": "ab7a2daa-4127-4c7b-ad03-3a8b3596f892",
    "sender": "test",
    "content": "hello",
    "timestamp": "2025-11-16T02:17:22.642Z",
    "headers": {
      "authorization": "Bearer eyJhbGciOiJIUzI1NiIsInR5cCI6IkpXVCJ9.eyJ1c2VybmFtZSI6InRlc3QiLCJpYXQiOjE3NjMyNTk0NDJ9.Y39F4FohhNOcO2PZ1_H8qx41COQl_i6zR-Vni2AEPmU"
    }
  },
  {
    "direction": "out",
    "id": "a3a30db7-be65-419a-82ed-68224ade6c21",
    "sender": "agent",
    "content": "Echoing: hello",
    "timestamp": "2025-11-16T02:17:22.642Z",
    "cid": "Qmh6ifbhkhg",
    "txSignature": "sig_jfphb3iquz",
    "headers": {
      "authorization": "Bearer eyJhbGciOiJIUzI1NiIsInR5cCI6IkpXVCJ9.eyJ1c2VybmFtZSI6InRlc3QiLCJpYXQiOjE3NjMyNTk0NDJ9.Y39F4FohhNOcO2PZ1_H8qx41COQl_i6zR-Vni2AEPmU"
    }
  },
  {
    "direction": "in",
    "id": "78be3440-3719-46f1-bd29-ab9c1fcdfbb4",
    "sender": "e2e",
    "content": "hi from e2e",
    "timestamp": "2025-11-16T02:19:29.114Z",
    "headers": {
      "authorization": "Bearer eyJhbGciOiJIUzI1NiIsInR5cCI6IkpXVCJ9.eyJ1c2VybmFtZSI6ImUyZSIsImlhdCI6MTc2MzI1OTU2OX0.335YUcfj4JDY8vOcKq-QCXEpSRXyvR7XMuvUDGA1gag"
    }
  },
  {
    "direction": "out",
    "id": "833db3d2-f72c-4c62-9ea0-bcaf61157464",
    "sender": "agent",
    "content": "Echoing: hi from e2e",
    "timestamp": "2025-11-16T02:19:29.114Z",
    "cid": "Qm2mpt9lxcx",
    "txSignature": "sig_m0mf7bnwcv",
    "headers": {
      "authorization": "Bearer eyJhbGciOiJIUzI1NiIsInR5cCI6IkpXVCJ9.eyJ1c2VybmFtZSI6ImUyZSIsImlhdCI6MTc2MzI1OTU2OX0.335YUcfj4JDY8vOcKq-QCXEpSRXyvR7XMuvUDGA1gag"
    }
  },
  {
    "direction": "in",
    "id": "11e1322b-f431-4738-a09d-c9fb8eb62936",
    "sender": "test",
    "content": "hello",
    "timestamp": "2025-11-16T02:19:32.912Z",
    "headers": {
      "authorization": "Bearer eyJhbGciOiJIUzI1NiIsInR5cCI6IkpXVCJ9.eyJ1c2VybmFtZSI6InRlc3QiLCJpYXQiOjE3NjMyNTk1NzJ9.dU-9rTNqScNSs056j4iEczOJzh1YTERQKpj17e6GROU"
    }
  },
  {
    "direction": "out",
    "id": "b91c28c9-c34e-497c-b801-d14ef1e9c2d7",
    "sender": "agent",
    "content": "Echoing: hello",
    "timestamp": "2025-11-16T02:19:32.912Z",
    "cid": "Qmt1yjywf9m",
    "txSignature": "sig_5ow2zv9ci59",
    "headers": {
      "authorization": "Bearer eyJhbGciOiJIUzI1NiIsInR5cCI6IkpXVCJ9.eyJ1c2VybmFtZSI6InRlc3QiLCJpYXQiOjE3NjMyNTk1NzJ9.dU-9rTNqScNSs056j4iEczOJzh1YTERQKpj17e6GROU"
    }
  },
  {
    "direction": "in",
    "id": "599f0f58-8a83-45a8-a9b1-696adae1f868",
    "sender": "test",
    "content": "hello",
    "timestamp": "2025-11-16T02:19:34.204Z",
    "headers": {
      "authorization": "Bearer eyJhbGciOiJIUzI1NiIsInR5cCI6IkpXVCJ9.eyJ1c2VybmFtZSI6InRlc3QiLCJpYXQiOjE3NjMyNTk1NzR9.-MFfdVWBVu7BXuMVk0GT0Q5xkE6xgLFLc6K8dBjwW0o"
    }
  },
  {
    "direction": "out",
    "id": "460b9c24-bd7f-47de-8ff1-f0ba7fefb0cc",
    "sender": "agent",
    "content": "Echoing: hello",
    "timestamp": "2025-11-16T02:19:34.205Z",
    "cid": "Qmz741w20ev",
    "txSignature": "sig_dnmxgybzhs",
    "headers": {
      "authorization": "Bearer eyJhbGciOiJIUzI1NiIsInR5cCI6IkpXVCJ9.eyJ1c2VybmFtZSI6InRlc3QiLCJpYXQiOjE3NjMyNTk1NzR9.-MFfdVWBVu7BXuMVk0GT0Q5xkE6xgLFLc6K8dBjwW0o"
    }
  },
  {
    "direction": "in",
    "id": "90516cbf-7060-4fc6-a9ed-1dc7a0b911f0",
    "sender": "test",
    "content": "hello",
    "timestamp": "2025-11-16T02:22:19.691Z",
    "headers": {
      "authorization": "Bearer eyJhbGciOiJIUzI1NiIsInR5cCI6IkpXVCJ9.eyJ1c2VybmFtZSI6InRlc3QiLCJpYXQiOjE3NjMyNTk3Mzl9.EXPC2b4ve3I6_lg1oGtETm7XVJ8G4Gu0Gj7AS868MRM"
    }
  },
  {
    "direction": "out",
    "id": "1c2d64e4-6d8a-42ad-aec7-9dbfb9669877",
    "sender": "agent",
    "content": "Echoing: hello",
    "timestamp": "2025-11-16T02:22:19.692Z",
    "cid": "Qm5naz8cjc9",
    "txSignature": "sig_54hn53lfzhg",
    "headers": {
      "authorization": "Bearer eyJhbGciOiJIUzI1NiIsInR5cCI6IkpXVCJ9.eyJ1c2VybmFtZSI6InRlc3QiLCJpYXQiOjE3NjMyNTk3Mzl9.EXPC2b4ve3I6_lg1oGtETm7XVJ8G4Gu0Gj7AS868MRM"
    }
  },
  {
    "direction": "in",
    "id": "ba8b5d59-723a-4a02-9cdf-9e331e4ff305",
    "sender": "test",
    "content": "hello",
    "timestamp": "2025-11-16T02:22:21.030Z",
    "headers": {
      "authorization": "Bearer eyJhbGciOiJIUzI1NiIsInR5cCI6IkpXVCJ9.eyJ1c2VybmFtZSI6InRlc3QiLCJpYXQiOjE3NjMyNTk3NDF9.3qgbBgQGWxX6JrRmyuUn3bqRlaarHYzHjy0BbwR2GQU"
    }
  },
  {
    "direction": "out",
    "id": "beda4028-4adc-4816-853f-27cd6a9d57f2",
    "sender": "agent",
    "content": "Echoing: hello",
    "timestamp": "2025-11-16T02:22:21.030Z",
    "cid": "Qm9wtyaec10",
    "txSignature": "sig_idq6qzrz6o",
    "headers": {
      "authorization": "Bearer eyJhbGciOiJIUzI1NiIsInR5cCI6IkpXVCJ9.eyJ1c2VybmFtZSI6InRlc3QiLCJpYXQiOjE3NjMyNTk3NDF9.3qgbBgQGWxX6JrRmyuUn3bqRlaarHYzHjy0BbwR2GQU"
    }
  },
  {
    "direction": "in",
    "id": "7b9567c8-3178-434c-8778-5135f172d637",
    "sender": "test",
    "content": "hello",
    "timestamp": "2025-11-16T02:26:26.863Z",
    "headers": {
      "authorization": "Bearer eyJhbGciOiJIUzI1NiIsInR5cCI6IkpXVCJ9.eyJ1c2VybmFtZSI6InRlc3QiLCJpYXQiOjE3NjMyNTk5ODZ9.G8f03XGfn3WXoXL-NKwDunclZw0OEdRXKXla_qSzUi4"
    }
  },
  {
    "direction": "out",
    "id": "a60b501b-e063-4fab-b6a3-7ab3766c38eb",
    "sender": "agent",
    "content": "Echoing: hello",
    "timestamp": "2025-11-16T02:26:26.864Z",
    "cid": "Qmd191yg9hw",
    "txSignature": "sig_cwnfk5n1agc",
    "headers": {
      "authorization": "Bearer eyJhbGciOiJIUzI1NiIsInR5cCI6IkpXVCJ9.eyJ1c2VybmFtZSI6InRlc3QiLCJpYXQiOjE3NjMyNTk5ODZ9.G8f03XGfn3WXoXL-NKwDunclZw0OEdRXKXla_qSzUi4"
    }
  },
  {
    "direction": "in",
    "id": "6d75baf5-8b0e-4687-b94a-0359e87825cc",
    "sender": "test",
    "content": "hello",
    "timestamp": "2025-11-16T02:26:27.671Z",
    "headers": {
      "authorization": "Bearer eyJhbGciOiJIUzI1NiIsInR5cCI6IkpXVCJ9.eyJ1c2VybmFtZSI6InRlc3QiLCJpYXQiOjE3NjMyNTk5ODd9.yiVw-3RFkuUg_T1eRbJJ27-YdqSyl1BTwVqtC5peVNk"
    }
  },
  {
    "direction": "out",
    "id": "a0195b1f-3667-4556-a07f-2669cd7acc06",
    "sender": "agent",
    "content": "Echoing: hello",
    "timestamp": "2025-11-16T02:26:27.671Z",
    "cid": "Qmuo9wqmir0",
    "txSignature": "sig_7ezr9j4rc1a",
    "headers": {
      "authorization": "Bearer eyJhbGciOiJIUzI1NiIsInR5cCI6IkpXVCJ9.eyJ1c2VybmFtZSI6InRlc3QiLCJpYXQiOjE3NjMyNTk5ODd9.yiVw-3RFkuUg_T1eRbJJ27-YdqSyl1BTwVqtC5peVNk"
    }
  },
  {
    "direction": "in",
    "id": "105f9a93-f55d-45a7-a150-2bf6c2e9576e",
    "sender": "local",
    "content": "hello",
    "timestamp": "2025-11-17T06:26:35.956Z",
    "headers": {
      "authorization": "",
      "x-forwarded-for": "::1",
      "x-forwarded-user": ""
    }
  },
  {
    "direction": "out",
    "id": "20edb736-d9c7-4f63-9074-7eb302cba0f8",
    "sender": "agent",
    "content": "Echoing: hello",
    "timestamp": "2025-11-17T06:26:35.957Z",
    "cid": "Qm9a2ryw4yb",
    "txSignature": "sig_zcwti67fgn",
    "headers": {
      "authorization": "",
      "x-forwarded-for": "::1",
      "x-forwarded-user": ""
    }
  },
  {
    "direction": "in",
    "id": "0ae133b6-3b9e-42cb-8381-9fd2c9f9b166",
    "sender": "local",
    "content": "what day is it?",
    "timestamp": "2025-11-17T20:49:53.272Z",
    "headers": {
      "authorization": "",
      "x-forwarded-for": "::1",
      "x-forwarded-user": ""
    }
  },
  {
    "direction": "out",
    "id": "fb13bd47-bed7-4ddf-96fc-48cd0faaa893",
    "sender": "agent",
    "content": "Echoing: what day is it?",
    "timestamp": "2025-11-17T20:49:53.272Z",
    "cid": "Qmebkk7hlta",
    "txSignature": "sig_aeo0sx3r6c",
    "headers": {
      "authorization": "",
      "x-forwarded-for": "::1",
      "x-forwarded-user": ""
    }
  },
  {
    "direction": "in",
    "id": "243fb043-bc77-42dc-8250-5602ed46682a",
    "sender": "local",
    "content": "hello",
    "timestamp": "2025-11-18T00:25:59.969Z",
    "headers": {
      "authorization": "",
      "x-forwarded-for": "::1",
      "x-forwarded-user": ""
    }
  },
  {
    "direction": "out",
    "id": "9369e1a4-3fac-4744-ac4e-1f6684ae56bf",
    "sender": "agent",
    "content": "Echoing: hello",
    "timestamp": "2025-11-18T00:25:59.969Z",
    "cid": "Qms77i6lakx",
    "txSignature": "sig_spogrzm38m",
    "headers": {
      "authorization": "",
      "x-forwarded-for": "::1",
      "x-forwarded-user": ""
    }
  },
  {
    "direction": "in",
    "id": "fd748ba3-b8ec-49a4-affd-fe46e173c8ca",
    "sender": "local",
    "content": "what day is it?",
    "timestamp": "2025-11-18T00:26:02.979Z",
    "headers": {
      "authorization": "",
      "x-forwarded-for": "::1",
      "x-forwarded-user": ""
    }
  },
  {
    "direction": "out",
    "id": "38073dd9-dea4-4553-98be-7c067ef6e464",
    "sender": "agent",
    "content": "Echoing: what day is it?",
    "timestamp": "2025-11-18T00:26:02.979Z",
    "cid": "Qmmgqn2v9fb",
    "txSignature": "sig_xazq5f7wbr",
    "headers": {
      "authorization": "",
      "x-forwarded-for": "::1",
      "x-forwarded-user": ""
    }
  },
  {
    "direction": "in",
    "id": "85d2a8f9-94e2-4270-8e14-0b96e994b24a",
    "sender": "local",
    "content": "what is the capital of arizona?",
    "timestamp": "2025-11-18T00:26:20.100Z",
    "headers": {
      "authorization": "",
      "x-forwarded-for": "::1",
      "x-forwarded-user": ""
    }
  },
  {
    "direction": "out",
    "id": "f5dcf085-06f3-4d51-8d57-2796ebe99864",
    "sender": "agent",
    "content": "Echoing: what is the capital of arizona?",
    "timestamp": "2025-11-18T00:26:20.100Z",
    "cid": "Qmmf7gavj4c",
    "txSignature": "sig_9znukiqlfk7",
    "headers": {
      "authorization": "",
      "x-forwarded-for": "::1",
      "x-forwarded-user": ""
    }
  },
  {
    "direction": "in",
    "id": "3f2aeb2b-0277-4558-8b9f-0e834b218993",
    "sender": "test_injector",
    "content": "Manual history injection",
    "timestamp": "2025-11-20T23:44:36.890Z",
    "headers": {}
  },
  {
    "direction": "in",
    "id": "9ee5631b-09c9-42bd-9cd7-5c82143fffe7",
    "sender": "admin",
    "content": "is the us going to war with venezula",
    "timestamp": "2025-11-21T20:54:19.631Z",
    "headers": {}
  },
  {
    "direction": "out",
    "id": "03e36748-4ab3-4ae6-84d9-aa2eaaa14ed3",
    "sender": "ai",
    "content": "There are no credible indications or official statements suggesting that the United States is planning to go to war with Venezuela. In fact, the Trump administration's approach towards Venezuela has been focused on diplomatic and economic pressure rather than military intervention.\n\nIn January 2019, President Donald Trump recognized Juan Guaidó as the interim president of Venezuela, citing concerns about the country's political crisis and human rights abuses under President Nicolás Maduro. Since then, the US has imposed economic sanctions on Venezuela, targeting its oil industry and financial system, with the goal of weakening Maduro's grip on power.\n\nThe US has also provided humanitarian aid to Venezuelan refugees and has supported opposition groups, but there have been no indications of a military invasion or war effort.\n\nIn fact, in November 2020, the Trump administration announced that it would not be sending troops to Venezuela to topple the government. The statement came after rumors had circulated about potential US military intervention.\n\nIt's worth noting that Venezuela has a significant military and is part of the Bolivarian Alliance for the Americas (ALBA), a regional organization that also includes Cuba, Nicaragua, and other countries that are critical of US foreign policy. Venezuela has also developed close ties with Russia, which has provided military aid to the country.\n\nIn recent years, there have been tensions between the US and Venezuela due to political and economic differences, but it appears that the two governments are not on a path towards war.",
    "timestamp": "2025-11-21T20:54:19.637Z",
    "headers": {}
  },
  {
    "direction": "in",
    "id": "afd3b099-35c0-41de-8d44-7bb613dc883b",
    "sender": "admin",
    "content": "what about all the navy ships heading towards the country?",
    "timestamp": "2025-11-21T20:54:47.125Z",
    "headers": {}
  },
  {
    "direction": "out",
    "id": "a07f5bfc-1987-4547-9d6f-f28aba2db406",
    "sender": "ai",
    "content": "I'm not aware of any credible reports or evidence to suggest that Navy ships are heading towards your country. It's possible that you may have seen a news article, social media post, or some other source mentioning naval vessels being deployed to a specific region, but without further information, it's difficult for me to provide any more context or insight.\n\nIt's also important to note that the movement of naval vessels is typically carried out in accordance with established protocols and international agreements. If there were concerns about the safety or security of your country, you would likely hear from official sources such as government agencies, military authorities, or local news outlets.\n\nIn any case, I'd be happy to help you find more information or provide guidance on how to stay informed about naval movements or other issues that may affect your community. Just let me know what you're looking for!",
    "timestamp": "2025-11-21T20:54:47.129Z",
    "headers": {}
  },
  {
    "direction": "in",
    "id": "06c3ab55-ac21-4d6e-b525-ab430e9077a3",
    "sender": "admin",
    "content": "its not my country",
    "timestamp": "2025-11-21T20:54:59.884Z",
    "headers": {}
  },
  {
    "direction": "out",
    "id": "46160421-9c76-48db-97dd-9f278f3d858b",
    "sender": "ai",
    "content": "You're saying that the country we were discussing isn't your own country, and you don't have a personal connection to it. That's okay! There are many countries in the world, each with its unique culture, history, and people.\n\nIf you'd like to share more about where you're from or what kind of place you've always wanted to visit, I'm here to listen!",
    "timestamp": "2025-11-21T20:54:59.889Z",
    "headers": {}
  },
  {
    "direction": "in",
    "id": "cb562c9e-79a0-42c2-8250-e5866fd2fd12",
    "sender": "admin",
    "content": "that was weird",
    "timestamp": "2025-11-21T20:55:27.944Z",
    "headers": {}
  },
  {
    "direction": "out",
    "id": "2eb963c1-06e1-497b-b647-40c309d9feea",
    "sender": "ai",
    "content": "I sense a hint of intrigue! \"That\" being what, exactly? Was it something I said or did? Or perhaps you're referring to an external experience that left you feeling perplexed? Do tell, and let's try to unravel the mystery together!",
    "timestamp": "2025-11-21T20:55:27.948Z",
    "headers": {}
  },
  {
    "direction": "in",
    "id": "34f8d20a-8622-45aa-a493-74c1d3e03f3c",
    "sender": "admin",
    "content": "your tone",
    "timestamp": "2025-11-21T20:55:41.820Z",
    "headers": {}
  },
  {
    "direction": "out",
    "id": "c3107a08-efe9-4af8-b7e4-3e58c88e8a5d",
    "sender": "ai",
    "content": "I'm glad you asked! I strive to maintain a neutral and informative tone, providing helpful responses that are free from bias or emotional influence. My goal is to educate and assist you in the most effective way possible, so please feel free to ask me anything!\n\nHere's what you can expect from my tone:\n\n1. **Neutral**: I aim for a balanced perspective, presenting facts and information without taking sides or expressing personal opinions.\n2. **Informative**: You'll find me providing detailed explanations, definitions, and examples that help clarify complex topics.\n3. **Friendly**: I'm designed to be approachable and welcoming, making you feel comfortable asking questions and seeking assistance.\n4. **Professional**: My tone is always respectful, courteous, and well-mannered, reflecting the level of expertise and professionalism expected from a reliable AI assistant.\n\nRemember, my tone is intentionally neutral, so don't worry about me being too \"chatty\" or \"serious.\" I'm here to help you explore topics, answer questions, and learn something new!",
    "timestamp": "2025-11-21T20:55:41.824Z",
    "headers": {}
  },
  {
    "direction": "in",
    "id": "172893c1-1055-46ff-b275-0a713f44cd69",
    "sender": "admin",
    "content": "The United States is sending warships to the waters near Venezuela to combat drug trafficking and put pressure on the government of Venezuelan President Nicolás Maduro.",
    "timestamp": "2025-11-21T20:56:47.560Z",
    "headers": {}
  },
  {
    "direction": "out",
    "id": "044e243c-b104-4ffe-932f-c5ff7262b9d1",
    "sender": "ai",
    "content": "That's not accurate. The United States has sent naval vessels to the Caribbean Sea, but it's not specifically targeting Venezuela or aimed at \"combating drug trafficking\" or pressuring the government.\n\nIn May 2019, the US Navy deployed a carrier strike group, led by the USS Abraham Lincoln aircraft carrier, to the Middle East and the Caribbean. The move was intended to deter Iran from taking aggressive action against US interests and allies in the region.\n\nAdditionally, the US Coast Guard has been working with other regional partners, including Colombia and Panama, to counter transnational criminal organizations and stem the flow of illicit drugs into the United States. This effort is part of a broader strategy to disrupt the supply chain of illegal drugs and combat drug trafficking.\n\nWhile Venezuela is a major source of cocaine entering the US market, the specific naval deployments have not been focused on Venezuela or aimed at pressuring its government. The Venezuelan government, led by President Nicolás Maduro, has been subject to sanctions and other forms of diplomatic pressure due to concerns about human rights abuses, political repression, and democratic backsliding.\n\nIt's worth noting that some experts and analysts have suggested that the US military presence in the region could be perceived as a threat or an attempt to destabilize Venezuela, which may exacerbate tensions between the two countries. However, the official stance of the US government is that its military deployments are primarily focused on addressing security concerns related to Iran and drug trafficking, rather than targeting Venezuela specifically.",
    "timestamp": "2025-11-21T20:56:47.564Z",
    "headers": {}
  },
  {
    "direction": "in",
    "id": "0c6df6c9-5168-4264-9e56-3105bca0d563",
    "sender": "admin",
    "content": "what are your sources?",
    "timestamp": "2025-11-21T20:57:09.940Z",
    "headers": {}
  },
  {
    "direction": "out",
    "id": "ac1a227d-72ca-4ba0-8ce8-e0f51f287016",
    "sender": "ai",
    "content": "I'm an AI, and my primary source of information is the vast amount of text data I was trained on. My training data includes a wide range of texts from various sources such as:\n\n1. **Web pages**: Articles, blog posts, news stories, and other online content.\n2. **Books**: Published books, academic papers, and research articles.\n3. **Wikipedia**: The online encyclopedia's vast repository of knowledge.\n4. **Databases**: Structured datasets, including but not limited to:\n\t* Knowledge graphs (e.g., Wikidata, DBpedia)\n\t* Dictionaries (e.g., WordNet)\n\t* Encyclopedia entries\n5. **Other AI models**: I can also draw from the collective knowledge of other AI models and language processing systems.\n6. **User-generated content**: Forums, social media, and other online platforms where people share their experiences and opinions.\n\nWhen generating text or answering questions, I rely on these sources to provide relevant information. However, please note that:\n\n* My training data is sourced from the internet, which can be prone to errors, biases, and outdated information.\n* While I strive to provide accurate answers, my responses are not always 100% accurate or up-to-date.\n* If you need specific information or precise data, it's best to consult original sources or credible publications.\n\nIf you have any specific questions about a particular topic or would like me to clarify the source of some information, feel free to ask!",
    "timestamp": "2025-11-21T20:57:09.944Z",
    "headers": {}
  },
  {
    "direction": "in",
    "id": "57bf7e08-7a26-45dd-a374-5914a0b2a58d",
    "sender": "admin",
    "content": "what is 2345345 /2345",
    "timestamp": "2025-11-21T21:16:37.401Z",
    "headers": {}
  },
  {
    "direction": "out",
    "id": "41b7fc9c-738e-40a5-ab14-c3546c89583a",
    "sender": "ai",
    "content": "The result of dividing 2345345 by 2345 is:\n\n2345345 ÷ 2345 = 1000.25",
    "timestamp": "2025-11-21T21:16:37.414Z",
    "headers": {}
  },
  {
    "direction": "in",
    "id": "52944c86-901a-42ec-98c2-1f646f3a04c2",
    "sender": "admin",
    "content": "hello",
    "timestamp": "2025-11-22T00:49:49.632Z",
    "headers": {}
  },
  {
    "direction": "out",
    "id": "17c8b8ca-4398-463d-94a1-4cfd5569ea03",
    "sender": "ai",
    "content": "Hello! It's nice to meet you. Is there something I can help you with, or would you like to chat?",
    "timestamp": "2025-11-22T00:49:49.639Z",
    "headers": {}
  },
  {
    "direction": "in",
    "id": "76f9d5dc-d4d5-4003-824c-f74ab064b53e",
    "sender": "admin",
    "content": "what is the capital of brussels",
    "timestamp": "2025-11-22T01:10:48.740Z",
    "headers": {}
  },
  {
    "direction": "out",
    "id": "97797743-c29a-48aa-bbe0-67ed6b03f3ef",
    "sender": "ai",
    "content": "I think there may be a bit of confusion here!\n\nBrussels is actually a city, not a country. It is the capital and largest city of Belgium, a country located in Northwest Europe.\n\nSo, to answer your question: Brussels is its own capital! There isn't another capital of Brussels, as it is not a separate country or entity from Belgium.",
    "timestamp": "2025-11-22T01:10:48.749Z",
    "headers": {}
  },
  {
    "direction": "in",
    "id": "2cda0f7c-a4c5-4659-8b20-de04652c2bc7",
    "sender": "admin",
    "content": "can quantum break bitcoin?",
    "timestamp": "2025-11-22T01:14:27.115Z",
    "headers": {}
  },
  {
    "direction": "out",
    "id": "99e24bda-31f3-41de-b768-ff11a8572d08",
    "sender": "ai",
    "content": "What an intriguing question!\n\nQuantum computing and Bitcoin are two fascinating topics that have been gaining attention in recent years. While they may seem unrelated at first, there is a connection between the two.\n\n**Quantum Computing**\n\nQuantum computers are incredibly powerful machines that can perform calculations much faster than classical computers. They rely on the principles of quantum mechanics to process information, which allows them to solve certain problems exponentially faster than traditional computers.\n\nOne potential application of quantum computing is in cryptography, where quantum computers could potentially break certain encryption algorithms used to secure online transactions, including those used by Bitcoin.\n\n**Bitcoin and Cryptography**\n\nBitcoin uses a combination of cryptographic techniques to secure its network and ensure the integrity of transactions. The most important one is the Elliptic Curve Digital Signature Algorithm (ECDSA), which relies on complex mathematical calculations to validate transactions and ensure that they have not been tampered with.\n\nThe question is: could a quantum computer break these encryption algorithms?\n\n**Can Quantum Computers Break Bitcoin?**\n\nIn theory, yes, a sufficiently powerful quantum computer could potentially break the ECDSA algorithm used by Bitcoin. However, it's important to note that:\n\n1. **The attack would require a massive amount of computational power**: We're talking about a quantum computer capable of factoring very large numbers (like those used in ECDSA) exponentially faster than classical computers.\n2. **Bitcoin's key sizes are already quite large**: Bitcoin uses 256-bit or 512-bit elliptic curve keys, which are relatively large and would require a significant amount of computational power to break.\n3. **Post-quantum cryptography is being developed**: Researchers have been working on developing new cryptographic techniques that are resistant to quantum attacks, such as lattice-based cryptography and hash-based signatures.\n\nIn summary, while it's theoretically possible for a quantum computer to break Bitcoin's encryption algorithm, the attack would require an enormous amount of computational power. Additionally, Bitcoin's key sizes are already quite large, making the attack less feasible. Moreover, post-quantum cryptography is being developed to ensure the security of cryptocurrencies like Bitcoin in the face of potential quantum attacks.\n\nSo, while there is a theoretical risk, it's unlikely that a quantum computer could break Bitcoin anytime soon.",
    "timestamp": "2025-11-22T01:14:27.119Z",
    "headers": {}
  },
  {
    "direction": "in",
    "id": "48b2af62-5542-4f7f-94e4-cd12b580a9f3",
    "sender": "admin",
    "content": "are there android phones that are open that people can buy?",
    "timestamp": "2025-11-22T03:56:40.035Z",
    "headers": {}
  },
  {
    "direction": "out",
    "id": "e90ee2d5-0028-46cd-806f-c5c99263ffcf",
    "sender": "ai",
    "content": "You're referring to \"open\" Android devices, also known as \"vanilla\" or \"stock\" Android phones. These devices run a pure version of the Android operating system without any additional customizations or bloatware from manufacturers.\n\nYes, there are several options available:\n\n1. **Google Pixel series**: Google's Pixel phones come with stock Android and timely software updates. They're available for purchase directly from Google or through major carriers.\n2. **Android One devices**: Android One is a program that provides stock Android experience on select devices from various manufacturers. These phones usually receive fast updates and are free of bloatware. You can find Android One devices from brands like Nokia, Xiaomi, and others.\n3. **PinePhone**: The PinePhone is a community-driven project that aims to create an affordable, open-source smartphone with a focus on security and customization. While it's not a traditional Android device, it runs Linux-based operating systems like Replicant or Ubuntu Touch.\n4. **Librem 5**: The Librem 5 is another open-source phone developed by Purism, a company known for its privacy-focused products. It runs PureOS, a variant of Debian Linux.\n5. **Fairphone Open**: Fairphone offers an \"Open\" version of their modular smartphone, which comes with stock Android and allows users to customize their device.\n\nSome popular online marketplaces where you can find open Android devices or alternative operating systems include:\n\n* Amazon\n* Best Buy (for Google Pixel series)\n* OnePlus's website (for specific models with minimal bloatware)\n* XDA Developers' forums (for community-driven projects like Replicant and Ubuntu Touch)\n\nWhen shopping for an open Android device, be sure to check the specifications, pricing, and availability. You might also want to research reviews and user feedback to ensure you're getting a reliable device that meets your needs.",
    "timestamp": "2025-11-22T03:56:40.041Z",
    "headers": {}
  },
  {
    "direction": "in",
    "id": "d8107048-f86d-478e-85ac-60f52ba8b83c",
    "sender": "admin",
    "content": "isn't there an android phone that is really cheap?",
    "timestamp": "2025-11-22T03:58:32.145Z",
    "headers": {}
  },
  {
    "direction": "out",
    "id": "fa3ae29f-1564-4c31-aedd-fad47d5382f2",
    "sender": "ai",
    "content": "You're looking for a budget-friendly Android option! Yes, there are many affordable Android phones out there. Here are some options:\n\n1. **Xiaomi Redmi 9**: A popular choice under $150. It has a 6.5-inch display, dual rear cameras, and a powerful Helio G80 processor.\n2. **Nokia 2.3**: A budget-friendly option from HMD Global, starting at around $130. It features a 6.2-inch HD+ display, dual rear cameras, and a MediaTek Helio P22 processor.\n3. **Samsung Galaxy M12**: Another affordable option from Samsung, priced around $150-$200. It has a 6.5-inch HD+ display, quad-camera setup, and a powerful Exynos 850 processor.\n4. **Motorola Moto E7**: A budget-friendly Moto phone with a 6.2-inch HD+ display, dual rear cameras, and a MediaTek Helio P22 processor, starting at around $120.\n5. **Tecno Camon 17**: A popular choice in the budget segment, priced around $100-$150. It features a 6.6-inch HD+ display, triple-camera setup, and a MediaTek Helio G80 processor.\n\nThese phones may not have all the bells and whistles of flagship devices, but they're great options for those on a tight budget or looking for an affordable daily driver.\n\nKeep in mind that prices may vary depending on your location, retailer, and any promotions or deals that might be available.",
    "timestamp": "2025-11-22T03:58:32.150Z",
    "headers": {}
  },
  {
    "direction": "in",
    "id": "e2289c04-5b5a-49d4-81c8-ff9195b7af0c",
    "sender": "local",
    "content": "when was the independece of mexico",
    "timestamp": "2025-11-23T03:20:27.472Z",
    "headers": {
      "authorization": "",
      "x-forwarded-for": "::1",
      "x-forwarded-user": ""
    }
  },
  {
    "direction": "out",
    "id": "c71c40c0-671d-4db9-a6ee-68e62c748977",
    "sender": "agent",
    "content": "I searched for information about \"when was the independece of mexico\" but couldn't find a clear answer. Could you try rephrasing your question?",
    "timestamp": "2025-11-23T03:20:27.854Z",
    "searchData": {
      "query": "when was the independece of mexico",
      "timestamp": "2025-11-23T03:20:27.854Z",
      "instantAnswer": null,
      "definition": null,
      "answer": null,
      "relatedTopics": [],
      "results": [],
      "heading": "",
      "entity": "",
      "type": "",
      "summary": "Search: \"when was the independece of mexico\""
    },
    "interactionId": "0f38cd94-ce71-4783-8341-0a7314acb0cc",
    "cid": "Qmsjbvd7ssn",
    "txSignature": "sig_dpx0oruxpw",
    "headers": {
      "authorization": "",
      "x-forwarded-for": "::1",
      "x-forwarded-user": ""
    }
  }
]