[
  {
    "id": "localhost:8080",
    "host": "localhost",
    "port": 8080,
    "nodeType": "Gateway",
    "addedAt": "2025-11-21T03:27:12.103Z",
    "source": "bootstrap"
  },
  {
    "id": "localhost:3009",
    "host": "localhost",
    "port": 3009,
    "nodeType": "NS",
    "addedAt": "2025-11-21T03:27:43.622Z",
    "source": "pex"
  },
  {
    "id": "localhost:4000",
    "host": "localhost",
    "port": 4000,
    "nodeType": "VP",
    "addedAt": "2025-11-21T03:27:43.623Z",
    "source": "pex"
  }
]